Workbook

Sheet Sheet3
A3: Sum of Total Sales | B3: Column Labels
A4: Row Labels | B4: Books | C4: Clothing | D4: Electronics | E4: Furniture | F4: Office Supplies | G4: Grand Total
A5: Central | B5: 111703.11 | C5: 131112.08 | D5: 46833.81 | E5: 52264.37 | F5: 69377.25 | G5: 411290.62
A6: East | B6: 114077.53 | C6: 28796.36 | D6: 30233.27 | E6: 101055.85 | F6: 96560.24 | G6: 370723.25
A7: North | B7: 81566.62 | C7: 80866.95 | D7: 68660.67 | E7: 67971.26 | F7: 31642.59 | G7: 330708.09
A8: South | B8: 105665.38 | C8: 49695.25 | D8: 108159.86 | E8: 72367.65 | F8: 31758.28 | G8: 367646.42
A9: West | B9: 74553.33 | C9: 109729.74 | D9: 153861.13 | E9: 63281.06 | F9: 61316.41 | G9: 462741.67
A10: Grand Total | B10: 487565.97 | C10: 400200.38 | D10: 407748.74 | E10: 356940.19 | F10: 290654.77 | G10: 1943110

Sheet monthly summary
A1: month | B1: total sales | C1: sales growth
A2: 45392 | B2: =SUMIFS(Sheet1!$K:$K,Sheet1!$H:$H,">="&A2,Sheet1!$H:$H,"<"&EDATE(A2,1)) -> 249639.66 | C2: =(B3-B2)/B2 -> -0.0090778044
A3: 45393 | B3: =SUMIFS(Sheet1!$K:$K,Sheet1!$H:$H,">="&A3,Sheet1!$H:$H,"<"&EDATE(A3,1)) -> 247373.48 | C3: =(B4-B3)/B3 -> -0.013355676
A4: 45396 | B4: =SUMIFS(Sheet1!$K:$K,Sheet1!$H:$H,">="&A4,Sheet1!$H:$H,"<"&EDATE(A4,1)) -> 244069.64 | C4: =(B5-B4)/B4 -> 0
A5: 45396 | B5: =SUMIFS(Sheet1!$K:$K,Sheet1!$H:$H,">="&A5,Sheet1!$H:$H,"<"&EDATE(A5,1)) -> 244069.64 | C5: =(B6-B5)/B5 -> 0.024241401
A6: 45397 | B6: =SUMIFS(Sheet1!$K:$K,Sheet1!$H:$H,">="&A6,Sheet1!$H:$H,"<"&EDATE(A6,1)) -> 249986.23 | C6: =(B7-B6)/B6 -> -0.011642441
A7: 45398 | B7: =SUMIFS(Sheet1!$K:$K,Sheet1!$H:$H,">="&A7,Sheet1!$H:$H,"<"&EDATE(A7,1)) -> 247075.78 | C7: =(B8-B7)/B7 -> 0
A8: 45398 | B8: =SUMIFS(Sheet1!$K:$K,Sheet1!$H:$H,">="&A8,Sheet1!$H:$H,"<"&EDATE(A8,1)) -> 247075.78 | C8: =(B9-B8)/B8 -> 0.15735755
A9: 45401 | B9: =SUMIFS(Sheet1!$K:$K,Sheet1!$H:$H,">="&A9,Sheet1!$H:$H,"<"&EDATE(A9,1)) -> 285955.02 | C9: =(B10-B9)/B9 -> 0
A10: 45401 | B10: =SUMIFS(Sheet1!$K:$K,Sheet1!$H:$H,">="&A10,Sheet1!$H:$H,"<"&EDATE(A10,1)) -> 285955.02 | C10: =(B11-B10)/B10 -> 0
A11: 45401 | B11: =SUMIFS(Sheet1!$K:$K,Sheet1!$H:$H,">="&A11,Sheet1!$H:$H,"<"&EDATE(A11,1)) -> 285955.02 | C11: =(B12-B11)/B11 -> -0.046994734
A12: 45402 | B12: =SUMIFS(Sheet1!$K:$K,Sheet1!$H:$H,">="&A12,Sheet1!$H:$H,"<"&EDATE(A12,1)) -> 272516.64 | C12: =(B13-B12)/B12 -> -0.034628785
A13: 45404 | B13: =SUMIFS(Sheet1!$K:$K,Sheet1!$H:$H,">="&A13,Sheet1!$H:$H,"<"&EDATE(A13,1)) -> 263079.72 | C13: =(B14-B13)/B13 -> 0.067603767
... A200: 45752 | B200: =SUMIFS(Sheet1!$K:$K,Sheet1!$H:$H,">="&A200,Sheet1!$H:$H,"<"&EDATE(A200,1)) -> 17253.36 | C200: =(B201-B200)/B200 -> -1

Sheet Sheet4
A1: SUMMARY OUTPUT
A3: Regression Statistics
A4: Multiple R | B4: 0.77509603
A5: R Square | B5: 0.60077386
A6: Adjusted R Square | B6: 0.59874733
A7: Standard Error | B7: 86.100275
A8: Observations | B8: 199
A10: ANOVA
B11: df | C11: SS | D11: MS | E11: F | F11: Significance F
A12: Regression | B12: 1 | C12: 2197694.7 | D12: 2197694.7 | E12: 296.45467 | F12: 3.8320399e-41
A13: Residual | B13: 197 | C13: 1460411.7 | D13: 7413.2574
A14: Total | B14: 198 | C14: 3658106.4
B16: Coefficients | C16: Standard Error | D16: t Stat | E16: P-value | F16: Lower 95% | G16: Upper 95% | H16: Lower 95.0% | I16: Upper 95.0%
A17: Intercept | B17: -1.9216687 | C17: 20.827245 | D17: -0.092267061 | E17: 0.92657962 | F17: -42.994643 | G17: 39.151305 | H17: -42.994643 | I17: 39.151305
A18: Sales | B18: 0.35116923 | C18: 0.020395638 | D18: 17.217859 | E18: 3.8320399e-41 | F18: 0.31094741 | G18: 0.39139104 | H18: 0.31094741 | I18: 0.39139104

Sheet Sheet5
A1: Sales
A3: Mean | B3: 976.32884
A4: Standard Error | B4: 21.267092
A5: Median | B5: 980.18
A6: Mode | B6: #N/A
A7: Standard Deviation | B7: 300.00925
A8: Sample Variance | B8: 90005.548
A9: Kurtosis | B9: -0.10296167
A10: Skewness | B10: 0.14412008
A11: Range | B11: 1665.15
A12: Minimum | B12: 258.51
A13: Maximum | B13: 1923.66
A14: Sum | B14: 194289.44
A15: Count | B15: 199

Sheet Sheet1
A1: Customer_ID | B1: Customer_Name | C1: Region | D1: Product_Category | E1: Sales | F1: Quantity | G1: Discount | H1: Order_Date | I1: Profit | K1: Total Sales | L1: Timestamp | M1: Highest sales | N1: highest purchase | O1: High value customer
A2: CUST019 | B2: James Davis | C2: West | D2: Books | E2: 1036.09 | F2: 4 | G2: -67108.664 | H2: 45392 | I2: 331.55 | K2: =E2*F2 -> 4144.36 | L2: =NOW() -> 46301.68 | M2: =INDEX(B1:B200,MATCH(MAX(K1:K200),K1:K200,0)) -> Sarah Davis | N2: =MAX(K2:K200) -> 27435.62 | O2: {=_xlfn._xlws.FILTER(A2:K200,K2:K200>AVERAGE(K2:K200))} -> CUST017 | P2: James Taylor | Q2: East | R2: Books | S2: 713.34 | T2: 17 | U2: 0 | V2: 45396 | W2: 285.34 | X2: 0 | Y2: 12126.78
A3: CUST012 | B3: Robert Anderson | C3: West | D3: Clothing | E3: 1101.28 | F3: 3 | G3: 0.2 | H3: 45393 | I3: 440.51 | K3: =E3*F3 -> 3303.84 | L3: =NOW() -> 46301.68 | O3: CUST030 | P3: James Wilson | Q3: North | R3: Books | S3: 847 | T3: 12 | U3: 0.2 | V3: 45397 | W3: 271.04 | X3: 340.93497 | Y3: 10164
A4: CUST017 | B4: James Taylor | C4: East | D4: Books | E4: 713.34 | F4: 17 | G4: 0 | H4: 45396 | I4: 285.34 | K4: =E4*F4 -> 12126.78 | L4: =NOW() -> 46301.68 | O4: CUST001 | P4: Linda Wilson | Q4: West | R4: Electronics | S4: 1317.53 | T4: 12 | U4: 0.05 | V4: 45398 | W4: 312.91 | X4: 0 | Y4: 15810.36
A5: CUST005 | B5: Robert Anderson | C5: South | D5: Electronics | E5: 760.93 | F5: 4 | G5: 0.15 | H5: 45396 | I5: 161.7 | K5: =E5*F5 -> 3043.72 | L5: =NOW() -> 46301.68 | O5: CUST014 | P5: David Thomas | Q5: Central | R5: Books | S5: 1343.13 | T5: 14 | U5: 0.15 | V5: 45404 | W5: 456.66 | X5: 0 | Y5: 18803.82
A6: CUST030 | B6: James Wilson | C6: North | D6: Books | E6: 847 | F6: 12 | G6: 0.2 | H6: 45397 | I6: 271.04 | J6: =AVERAGE(I:I) -> 340.93497 | K6: =E6*F6 -> 10164 | L6: =NOW() -> 46301.68 | O6: CUST007 | P6: Michael Anderson | Q6: Central | R6: Books | S6: 1191.58 | T6: 14 | U6: 0.05 | V6: 45406 | W6: 452.8 | X6: 0 | Y6: 16682.12
A7: CUST007 | B7: Michael Anderson | C7: North | D7: Furniture | E7: 965.64 | F7: 8 | G7: 0.1 | H7: 45398 | I7: 304.18 | K7: =E7*F7 -> 7725.12 | L7: =NOW() -> 46301.68 | O7: CUST005 | P7: Sarah Anderson | Q7: South | R7: Electronics | S7: 1502.93 | T7: 14 | U7: 0.2 | V7: 45410 | W7: 300.59 | X7: 0 | Y7: 21041.02
A8: CUST001 | B8: Linda Wilson | C8: West | D8: Electronics | E8: 1317.53 | F8: 12 | G8: 0.05 | H8: 45398 | I8: 312.91 | K8: =E8*F8 -> 15810.36 | L8: =NOW() -> 46301.68 | O8: CUST006 | P8: Mary Jackson | Q8: West | R8: Books | S8: 1506.14 | T8: 13 | U8: 0.2 | V8: 45412 | W8: 481.96 | X8: 0 | Y8: 19579.82
A9: CUST026 | B9: Mary Davis | C9: East | D9: Furniture | E9: 1074.47 | F9: 6 | G9: 0.2 | H9: 45401 | I9: 300.85 | K9: =E9*F9 -> 6446.82 | L9: =NOW() -> 46301.68 | O9: CUST007 | P9: Lisa Davis | Q9: South | R9: Clothing | S9: 953.3 | T9: 11 | U9: 0 | V9: 45415 | W9: 476.65 | X9: 0 | Y9: 10486.3
A10: CUST009 | B10: Linda Jackson | C10: Central | D10: Books | E10: 501.54 | F10: 11 | G10: 0.05 | H10: 45401 | I10: 190.59 | K10: =E10*F10 -> 5516.94 | L10: =NOW() -> 46301.68 | O10: CUST010 | P10: Linda Brown | Q10: South | R10: Electronics | S10: 1173.12 | T10: 18 | U10: 0 | V10: 45418 | W10: 293.28 | X10: 0 | Y10: 21116.16
A11: CUST010 | B11: David Thomas | C11: Central | D11: Clothing | E11: 737.31 | F11: 2 | G11: 0.05 | H11: 45401 | I11: 350.22 | K11: =E11*F11 -> 1474.62 | L11: =NOW() -> 46301.68 | O11: CUST030 | P11: John Brown | Q11: North | R11: Furniture | S11: 675.54 | T11: 17 | U11: 0 | V11: 45420 | W11: 236.44 | X11: 0 | Y11: 11484.18
A12: CUST014 | B12: Emma Davis | C12: West | D12: Office Supplies | E12: 1572.82 | F12: 6 | G12: 0.05 | H12: 45402 | I12: 672.38 | K12: =E12*F12 -> 9436.92 | L12: =NOW() -> 46301.68 | O12: CUST028 | P12: Linda Taylor | Q12: East | R12: Office Supplies | S12: 983.34 | T12: 19 | U12: 0.1 | V12: 45426 | W12: 398.25 | X12: 0 | Y12: 18683.46
A13: CUST014 | B13: David Thomas | C13: Central | D13: Books | E13: 1343.13 | F13: 14 | G13: 0.15 | H13: 45404 | I13: 456.66 | K13: =E13*F13 -> 18803.82 | L13: =NOW() -> 46301.68 | O13: CUST022 | P13: David Davis | Q13: Central | R13: Books | S13: 1023.21 | T13: 18 | U13: 0.05 | V13: 45428 | W13: 388.82 | X13: 0 | Y13: 18417.78
A14: CUST007 | B14: Michael Anderson | C14: Central | D14: Books | E14: 1191.58 | F14: 14 | G14: 0.05 | H14: 45406 | I14: 452.8 | K14: =E14*F14 -> 16682.12 | L14: =NOW() -> 46301.68 | O14: CUST015 | P14: Linda Taylor | Q14: North | R14: Office Supplies | S14: 1200.9 | T14: 14 | U14: 0.05 | V14: 45429 | W14: 513.38 | X14: 0 | Y14: 16812.6
A15: CUST023 | B15: Robert Anderson | C15: West | D15: Furniture | E15: 822.28 | F15: 7 | G15: 0.05 | H15: 45406 | I15: 273.41 | K15: =E15*F15 -> 5755.96 | L15: =NOW() -> 46301.68 | O15: CUST028 | P15: Lisa Davis | Q15: Central | R15: Furniture | S15: 1410.06 | T15: 11 | U15: 0.05 | V15: 45434 | W15: 468.84 | X15: 0 | Y15: 15510.66
A16: CUST029 | B16: David Smith | C16: North | D16: Furniture | E16: 521.67 | F16: 15 | G16: 0.15 | H16: 45409 | I16: 155.2 | K16: =E16*F16 -> 7825.05 | L16: =NOW() -> 46301.68 | O16: CUST008 | P16: Mary Wilson | Q16: Central | R16: Furniture | S16: 773.09 | T16: 13 | U16: 0.15 | V16: 45434 | W16: 229.99 | X16: 0 | Y16: 10050.17
A17: CUST005 | B17: Sarah Anderson | C17: South | D17: Electronics | E17: 1502.93 | F17: 14 | G17: 0.2 | H17: 45410 | I17: 300.59 | K17: =E17*F17 -> 21041.02 | L17: =NOW() -> 46301.68 | O17: CUST016 | P17: Emma Wilson | Q17: East | R17: Books | S17: 580.43 | T17: 19 | U17: 0.15 | V17: 45435 | W17: 197.35 | X17: 0 | Y17: 11028.17
A18: CUST008 | B18: Robert Anderson | C18: South | D18: Books | E18: 877.58 | F18: 10 | G18: 0.15 | H18: 45411 | I18: 298.38 | K18: =E18*F18 -> 8775.8 | L18: =NOW() -> 46301.68 | O18: CUST005 | P18: David Smith | Q18: South | R18: Books | S18: 1151.21 | T18: 15 | U18: 0.1 | V18: 45445 | W18: 414.44 | X18: 0 | Y18: 17268.15
... A89: CUST004 | B89: Sarah Davis | C89: West | D89: Office Supplies | E89: 1443.98 | F89: 19 | G89: 0 | H89: 45547 | I89: 649.79 | K89: =E89*F89 -> 27435.62 | L89: =NOW() -> 46301.68 | O89: CUST024 | P89: David Thomas | Q89: Central | R89: Clothing | S89: 1465.35 | T89: 8 | U89: 0.2 | V89: 45746 | W89: 586.14 | X89: 0 | Y89: 11722.8
A90: CUST023 | B90: James Wilson | C90: East | D90: Office Supplies | E90: 1154.33 | F90: 11 | G90: 0.15 | H90: 45549 | I90: 441.53 | K90: =E90*F90 -> 12697.63 | L90: =NOW() -> 46301.68
A91: CUST022 | B91: Linda Brown | C91: South | D91: Books | E91: 1264.49 | F91: 16 | G91: 0.05 | H91: 45549 | I91: 480.51 | K91: =E91*F91 -> 20231.84 | L91: =NOW() -> 46301.68
A92: CUST007 | B92: Emma Taylor | C92: West | D92: Furniture | E92: 1101.55 | F92: 4 | G92: 0.1 | H92: 45551 | I92: 346.99 | K92: =E92*F92 -> 4406.2 | L92: =NOW() -> 46301.68
A93: CUST013 | B93: Robert Anderson | C93: South | D93: Furniture | E93: 727.73 | F93: 1 | G93: 0.1 | H93: 45552 | I93: 229.23 | K93: =E93*F93 -> 727.73 | L93: =NOW() -> 46301.68
A94: CUST027 | B94: Emma Davis | C94: East | D94: Office Supplies | E94: 875.41 | F94: 13 | G94: 0.15 | H94: 45552 | I94: 334.84 | K94: =E94*F94 -> 11380.33 | L94: =NOW() -> 46301.68
A95: CUST003 | B95: James Wilson | C95: West | D95: Electronics | E95: 1158.94 | F95: 19 | G95: 0.2 | H95: 45553 | I95: 231.79 | K95: =E95*F95 -> 22019.86 | L95: =NOW() -> 46301.68
A96: CUST018 | B96: Mary Jackson | C96: South | D96: Books | E96: 966.3 | F96: 2 | G96: 0.15 | H96: 45557 | I96: 328.54 | K96: =E96*F96 -> 1932.6 | L96: =NOW() -> 46301.68
A97: CUST020 | B97: James Taylor | C97: South | D97: Books | E97: 917.48 | F97: 6 | G97: 0 | H97: 45558 | I97: 366.99 | K97: =E97*F97 -> 5504.88 | L97: =NOW() -> 46301.68
A98: CUST029 | B98: Emma Wilson | C98: West | D98: Furniture | E98: 1172.97 | F98: 7 | G98: 0.15 | H98: 45559 | I98: 348.96 | K98: =E98*F98 -> 8210.79 | L98: =NOW() -> 46301.68
A99: CUST021 | B99: James Wilson | C99: North | D99: Clothing | E99: 1205.82 | F99: 11 | G99: 0.1 | H99: 45559 | I99: 542.62 | K99: =E99*F99 -> 13264.02 | L99: =NOW() -> 46301.68
A100: CUST017 | B100: Sarah Davis | C100: West | D100: Office Supplies | E100: 826.93 | F100: 10 | G100: 0.2 | H100: 45564 | I100: 297.69 | K100: =E100*F100 -> 8269.3 | L100: =NOW() -> 46301.68
A101: CUST003 | B101: James Wilson | C101: Central | D101: Clothing | E101: 902.19 | F101: 12 | G101: 0 | H101: 45564 | I101: 451.1 | K101: =E101*F101 -> 10826.28 | L101: =NOW() -> 46301.68
... A200: CUST010 | B200: David Thomas | C200: East | D200: Books | E200: 997.61 | F200: 8 | G200: 0.05 | H200: 45752 | I200: 379.09 | K200: =E200*F200 -> 7980.88 | L200: =NOW() -> 46301.68

Sheet Dashboard
A1: sales and profit dashboard
A3: Total Sales | C3: Total profit | E3: Total quantity | G3: Average Sales
A4: =SUM(Sheet1!K:K) -> 1943110 | C4: =SUM(Sheet1!I:I) -> 67846.06 | E4: =SUM(Sheet1!F:F) -> 1997 | G4: =AVERAGE(Sheet1!E:E) -> 976.32884
A7: Sum of Total Sales | B7: Column Labels
A8: Row Labels | B8: Books | C8: Clothing | D8: Electronics | E8: Furniture | F8: Office Supplies | G8: Grand Total
A9: Central | B9: 111703.11 | C9: 131112.08 | D9: 46833.81 | E9: 52264.37 | F9: 69377.25 | G9: 411290.62
A10: East | B10: 114077.53 | C10: 28796.36 | D10: 30233.27 | E10: 101055.85 | F10: 96560.24 | G10: 370723.25
A11: North | B11: 81566.62 | C11: 80866.95 | D11: 68660.67 | E11: 67971.26 | F11: 31642.59 | G11: 330708.09
A12: South | B12: 105665.38 | C12: 49695.25 | D12: 108159.86 | E12: 72367.65 | F12: 31758.28 | G12: 367646.42
A13: West | B13: 74553.33 | C13: 109729.74 | D13: 153861.13 | E13: 63281.06 | F13: 61316.41 | G13: 462741.67
A14: Grand Total | B14: 487565.97 | C14: 400200.38 | D14: 407748.74 | E14: 356940.19 | F14: 290654.77 | G14: 1943110
